p_nom_max,weight,p_nom,capital_cost,efficiency,p_nom_min,marginal_cost,p_nom_extendable,p_nom_opt,sign,build_year,min_up_time,min_down_time,up_time_before,down_time_before,p_min_pu,p_max_pu,p_set,q_set,lifetime,committable,start_up_cost,shut_down_cost,ramp_limit_up,ramp_limit_down,ramp_limit_start_up,ramp_limit_shut_down
,0.0,1029.05,253407.36842666683,1.5,1029.05,141.62861653372846,3,1029.0514026123033,3.0,0,0,0,3,0,0.0,3.0,0.0,0.0,,0,0.0,0.0,0.0,0.0,3.0,3.0
,0.0,1239.83,188938.2456177779,1.56,1239.83,233.57730337195684,4,1239.8350128883794,4.0,0,0,0,4,0,0.0,4.0,0.0,0.0,,0,0.0,0.0,0.0,0.0,4.0,4.0
,0.0,77.23,556030.7190120892,0.936,77.23,29.93423750750383,0,77.23,2.0,0,0,0,2,0,0.0,2.0,0.0,0.0,,0,0.0,0.0,0.0,0.0,2.0,2.0
,0.0,5000000000.0,0.0,5.0,0.0,5.050698431823591,0,5000000000.0,0.005,0,0,0,5,0,0.0,5.0,0.0,0.0,,0,0.0,0.0,0.0,0.0,5.0,5.0
inf,0.0,11.74,38234.561404444474,0.3929999999999999,11.74,130.23743386938762,0,11.74,1.0,0,0,0,1,0,0.0,1.0,0.0,0.0,inf,0,0.0,0.0,0.0,0.0,1.0,1.0
2371526.2366137565,160226.73450864933,25.91087913138977,546477.8462577781,5.0,25.91087913138977,0.1255210646756474,5,25.9133776859648,5.0,0,0,0,5,0,0.0,5.0,0.0,0.0,,0,0.0,0.0,0.0,0.0,5.0,5.0
1862944.114042343,329520.8990055847,118.95799082664249,254279.79133489204,5.0,118.95799082664249,0.09989146871851072,5,2731.0256619438533,5.0,0,0,0,5,0,0.0,5.0,0.0,0.0,,0,0.0,0.0,0.0,0.0,5.0,5.0
