p_nom_max,weight,p_nom,capital_cost,efficiency,p_nom_min,marginal_cost,p_nom_extendable,p_nom_opt,sign,build_year,min_up_time,min_down_time,up_time_before,down_time_before,p_min_pu,p_max_pu,p_set,q_set,lifetime,committable,start_up_cost,shut_down_cost,ramp_limit_up,ramp_limit_down,ramp_limit_start_up,ramp_limit_shut_down
,0.0,1363.99,168938.24561777787,1.0,1363.99,25.779958398894763,2,1363.9900000050213,2.0,0,0,0,2,0,0.0,2.0,0.0,0.0,,0,0.0,0.0,0.0,0.0,2.0,2.0
,0.0,948.92,141703.6842133334,1.17,948.92,43.182483452733926,3,948.9200000345382,3.0,0,0,0,3,0,0.0,3.0,0.0,0.0,,0,0.0,0.0,0.0,0.0,3.0,3.0
,0.0,65.58,556030.7190120892,0.936,65.58,29.93509051978095,0,65.58,2.0,0,0,0,2,0,0.0,2.0,0.0,0.0,,0,0.0,0.0,0.0,0.0,2.0,2.0
,0.0,4000000000.0,0.0,4.0,0.0,4.038575171944463,0,4000000000.0,0.004,0,0,0,4,0,0.0,4.0,0.0,0.0,,0,0.0,0.0,0.0,0.0,4.0,4.0
inf,0.0,31.32,38234.56140444447,0.3929999999999999,31.32,130.2365936041872,0,31.32,1.0,0,0,0,1,0,0.0,1.0,0.0,0.0,inf,0,0.0,0.0,0.0,0.0,1.0,1.0
2375876.0003288197,160337.86779669923,127.33999999999999,437182.2770062225,4.0,127.33999999999999,0.10087428622100536,4,127.34005758340331,4.0,0,0,0,4,0,0.0,4.0,0.0,0.0,,0,0.0,0.0,0.0,0.0,4.0,4.0
,362.53,362.53,812822.1458478451,2.7,0.0,0.02935068745486993,0,362.53,3.0,0,0,0,3,0,0.0,3.0,0.0,0.0,,0,0.0,0.0,0.0,0.0,3.0,3.0
1869809.1384780395,330825.5666315473,164.9,203423.83306791366,4.0,164.9,0.0810341248366302,4,164.90008806891578,4.0,0,0,0,4,0,0.0,4.0,0.0,0.0,,0,0.0,0.0,0.0,0.0,4.0,4.0
