p_nom_max,weight,p_nom,capital_cost,efficiency,p_nom_min,marginal_cost,p_nom_extendable,p_nom_opt,sign,build_year,min_up_time,min_down_time,up_time_before,down_time_before,p_min_pu,p_max_pu,p_set,q_set,lifetime,committable,start_up_cost,shut_down_cost,ramp_limit_up,ramp_limit_down,ramp_limit_start_up,ramp_limit_shut_down
,0.0,1029.05,168938.24561777787,1.0,1029.05,25.78020080741303,2,1029.0500005432664,2.0,0,0,0,2,0,0.0,2.0,0.0,0.0,,0,0.0,0.0,0.0,0.0,2.0,2.0
,0.0,1239.83,188938.2456177779,1.56,1239.83,57.57772966702641,4,1239.830000721825,4.0,0,0,0,4,0,0.0,4.0,0.0,0.0,,0,0.0,0.0,0.0,0.0,4.0,4.0
,0.0,77.22999999999999,556030.7190120892,0.936,77.22999999999999,29.934860696653637,0,77.22999999999999,2.0,0,0,0,2,0,0.0,2.0,0.0,0.0,,0,0.0,0.0,0.0,0.0,2.0,2.0
,0.0,4000000000.0,0.0,4.0,0.0,4.0399972944380576,0,4000000000.0,0.004,0,0,0,4,0,0.0,4.0,0.0,0.0,,0,0.0,0.0,0.0,0.0,4.0,4.0
inf,0.0,11.74,38234.561404444474,0.3929999999999999,11.74,130.23633208235762,0,11.74,1.0,0,0,0,1,0,0.0,1.0,0.0,0.0,inf,0,0.0,0.0,0.0,0.0,1.0,1.0
2375876.0003288197,160337.86779669923,25.230409048281565,437182.2770062225,4.0,25.230409048281565,0.10111201237407864,4,25.230409525087715,4.0,0,0,0,4,0,0.0,4.0,0.0,0.0,,0,0.0,0.0,0.0,0.0,4.0,4.0
1869809.1384780398,330825.5666315473,118.72099553820362,203423.83306791366,4.0,118.72099553820362,0.07824242904694738,4,118.72100282206284,4.0,0,0,0,4,0,0.0,4.0,0.0,0.0,,0,0.0,0.0,0.0,0.0,4.0,4.0
